image,target
aadawlxbmapqrblgxyzarhjasgiobu.png,0.73532635
abpxvdfyhaaohzcrngcucmhffwizxs.jpg,0.999802232
aclkjfvackiieiznzfcwienplielrj.jpg,0.999977767
aelkivmayxgsdjosiibfgmkvfrjvjk.jpg,0.999340057
aelzzshpfxerelefnkatpczktuxjln.jpg,0.064012922
ajnjnkvstqesvfohaptobyasrkmcnq.jpg,0.005230303
akkydnvilgvzigllmboonbqbbioocs.jpg,0.886770606
akvjfjhgayyjwrqrczjbeyoqhhajis.jpg,0.000329021
alcveyvosnywyjbmngolmnblftdoje.jpg,0.567545891
alfuzzlrjkdrrzauiswqnuvpvzfluc.jpg,2.90E-05
aljnaycepveqbedxhsklixyjodpcho.jpg,0.999996305
amvorhijzrsihdqvyddkamjdyuahqm.jpg,0.013708819
autvannlbggmjsuhqbnnffyhrnyyhp.jpg,0.999993265
aveecvuafgubjfweqsfyomjgyazdxs.jpg,0.058522575
ayqcgikqwwnikkwdufxnxhfixdpelp.jpg,0.144295201
bakmhsflobtjjwilhsiqynhmnrjjnq.jpg,0.970688105
bbolakporoaeojpqandvajgrojnkaj.jpg,0.879196882
bcqfficwazmpxairlfnchvusputshk.jpg,0.999999881
bctvvfysokpohqxzngbuuaugtgtkov.jpg,0.319089204
bfjrheksmajsxlorqmwtpwjonzkyiv.jpg,0.969473481
bhczfsgehqldydadvfldnunftxzfdv.jpg,7.42E-07
bihlsygajgvqsywzkpfbmupevnuoqh.jpg,0.609795213
bivegebpyjsmiaylkruufjevjxqydc.jpg,0.999999762
bjlwcuatbrxhdxocieancqgdlgqnma.jpg,0.999687493
bkhjxlxizjiychukanlstfpcodlubc.jpg,0.006183685
blgzlxqgcpxulfwfywadwbbeptqcol.jpg,0.690635204
blmgakpsirdrdnimkjwdnbusgactzx.jpg,1
bophtvssbpnmzkxfxuvupbriwazlcz.jpg,5.18E-06
botfdlboeryhmfxctjvzbqriqyonuv.jpg,0.999978542
bqjjodotjhmmchkiityjpmglknkzdq.jpg,0.999990106
bqudlucapxfguiydzopfdvuasiwscs.jpg,0.999997377
broomszdrrefxhmthsxwurzfuutkft.jpeg,5.12E-05
bucfsqoezlveinjzzyyfiianjzrklf.jpg,0.999972522
bvrbztwngoiduyhlrnxnybuqamwdjq.jpg,0.005471752
bynakhmyescxfghpzliqaaewgtlhas.jpg,0.379134834
bzdueelveubapkgmqbhzrerdmvbqtz.jpg,0.562207162
ccliaukfdmqskirlsqaemkdtziyhos.jpg,0.10224738
cdugozukojbkpzksazbxqxnpxnoxts.jpg,0.989077091
cdxocpqismtjtcoiqncmocnyhqipeq.jpg,0.011576588
cemwpmilmtzyyvpoxxflruiyubdzvc.jpg,0.202305928
cetwookalphtxhtbwgcpzfjpmasfic.png,0.008614411
cgnarbagkiqkuvnbgidtpbpzlxxzzc.jpg,0.358022004
cjbutauggylhztvnyutbozyfqaealv.jpg,0.809324801
clcluoyktakfjgcjyjgbbrhaxjkanl.jpg,0.097893059
clibkrbidguqcugbkymxqioqwolsvv.jpg,0.942186832
csaamuupuegbgkdvhihaucddwkvgcg.jpg,0.054183818
csrqrzoyceubuehyicuwjisnsvyfuk.jpg,0.988324583
cxnmwtwjlhvwljnwzdyucnlrkwmzva.jpg,0.999885917
cxtbkqwdjxgxlieyzzfokybmrynvzt.jpg,0.99999994
cynaerknbrqzwlssknbvxqoffjfmqa.jpg,0.009208351
cytfwnqddgfmwopldwoyzfgvdshchj.jpg,0.051217865
czfaqpiyukmerduehjkdrhkhtqxbia.jpg,0.99061352
dbuvujopjxofqfcsxghgeruyrhqamf.jpg,0.999994159
ddmvffnxrrqoftjquegcfyynvbpioe.jpg,0.550175428
dfbqqsvocxgkdljrvnnztyvaexmxgp.jpg,0.999955297
dgzjgjduiwcejpltzhhsdrsfrfwbhm.jpg,0.002599823
dhcyrecupnqhsmwidgcgghdvkmlsfi.jpg,0.815334082
dhxbbarhojjiuoacxyzdtayykriavi.jpg,0.999899507
dihlagwlolbphxxdxmfbsmaeqqqcgs.jpeg,0.078678451
djdsobvkfuoagxivxpraiusgzjozds.jpg,0.99999994
dlaaovaxfeqezvculovoovlyakhlgd.jpg,0.999999285
dnzsxkpbmmtytvrlklmnbprbcwysix.jpg,0.890780926
dobrsakjzqfkkwbuvhfpxgjynstyjd.jpg,0.001066428
dpnnhtmzinfjwzxeihghlsaugrseso.jpg,0.658820093
dshtrcyfhcxdnmqcpqaachrxbmraqm.png,0.000160356
dthpinelztapoyhclbpyyxijcqcsyv.jpg,0.988482356
duythftfcibydcrmobngveppsbczuq.jpg,0.999977529
dveocsyrdwmmokqvzmherympxsnhjg.jpg,0.24034147
dxkxrtwzulytuhegnxjznhxxsqdvjt.jpg,0.001904256
dyintomnapqkperdaokbxbsyrgiadi.jpg,0.99824512
dyjtodxzlakemnjmxwcvxezykwmvoo.jpg,0.012483426
egmlopponygomfuzzhzoextlxzgkmo.jpg,0.051019158
ejmhvjdcgulaxvqqwyuwabbwqjievn.jpg,0.999979079
ejwoiledjlwunsjpnuquukzkjhalov.jpg,0.020121822
elajrsvrogkgcerlrfjvwgzqdzjumg.jpg,0.000679202
eoeatxoppisxmubbwmpnabjbezizgx.jpg,1
eofsqiwaevaeqkxjdayeeyzhliteho.jpg,0.999076843
eowgxpfwjhfpfvoytzlejmtyxegcfx.jpg,0.483499408
epicmexrbnzcoykteovumnjlpeeejh.jpg,0.960387409
eqhyxymtcmsvgesckcrjowyebhnohw.jpg,0.973824441
eqycjhiuvqojearvldxihxvmrajwtc.jpg,0.049245592
ethbvskgnyzyuirqytshhzvyzbqjxv.jpg,2.45E-05
eusetdoazbgklyqcezwcacrokjcufo.jpg,0.113284484
ewrlffkoseneqgraxwhomtlwxiwekb.jpg,0.81177783
eyavyurhmycfumwdjnvvxenleadrcl.jpg,0.005173456
ezmnotqwlrngiwgnwbaheeoueyxvny.jpg,0.61989224
fefhbwjojkixcapyhinlmsqvjyhjmk.jpg,0.013364135
fhggkjdcfrlbgjgdohqetzvtzvzwox.jpg,7.14E-07
fhhipzleexntfxjqfztvtikwqlylfz.jpg,0.607944965
fmkdsmhmklnzkownqsschpnomjedlx.jpg,0.999954462
fnefuqqsicuqfsymibosjdjwawrmvq.jpg,0.999733031
fnkfsdjmdihrmynpqxmnrwzxessrdc.jpg,0.793018222
frpsiqoutwcdsluictnefqjbnhaojr.jpg,0.915482998
ftcupseqywfpqtfftqilalhmaanpcv.jpg,0.026168743
fuldxhllmyyhygdvrczspchtlwifqm.jpg,0.846817732
fvitugrhbmzimhnlanfwqhnmtovgob.jpg,0.999994755
fvlynglrxqdpvnhnaojggecbomqvbr.jpg,0.013715436
fvmrktruwpyzblmwwnubraikddamol.jpg,0.659190714
fvvzssylplidrbhtvshkkfflzatqsd.jpg,0.970414519
fvyderokisqwuoqwuaoadkkvtfoeya.jpg,0.253761917
fwjhmiqtdoufzyyzkjzxrhzdwkcedo.jpg,0.112796456
fxrmuuyabdjwnsveyuijcliwmywezh.jpg,5.59E-06
gadijdxgeinztdiaolvtceypzbvlam.jpg,0.279112607
gbdwbyuafezgszupikmwrdivflidna.jpg,0.028129995
gbfvanqxwaqvwzxuqegqaompgvsamm.jpg,0.023160942
gdkceqpjaozdsbfuaapadetsdgsoyz.jpg,0.077478461
gdwbhsehebmpgcfbndlibiccryfxid.jpg,0.999834061
geadhikvjfcvvrtszjsxqnevbdvstr.jpg,0.091472633
geaxljqcgthkjujpgjqtinitobfjqe.jpg,0.998572409
geszfskhujvpyziumhlqpgptmpajtt.jpg,0.316601276
gexghbuikqpefswrouipqfgvkzdkzv.jpg,0.99930954
gftflwiwqrswxrpccfpkhdftoajcws.jpg,0.001558482
ggqkntfyrhgeizstqrxlhhpwvjykbl.jpg,0.99997896
gjppsnmwvegpfaotczwscojavigasa.jpg,0.069198869
gkxlqxmuohjzxzweewniylzaxuqiit.jpg,0.045436528
glnkqsehtsemwxgfcabdouxnguoope.jpg,0.005962742
glpbrbtkrussrnfolvxynzjdfkvbin.jpg,0.999985456
gmocqhzokvhyrkohiraxixdbmcscjq.jpg,0.084282734
goxowiqsuthbriuqxiespbmeegqkvf.jpg,0.305892199
gppgpyeceknjakxhnvcgivtzqkexdt.jpg,0.369668543
gqbziiohphcmauvpfwlcpyxqqapghh.jpg,0.999945343
gqyjkyvhkkgfldgfvrkwvogjnganlj.jpg,0.23524861
greuliaymizfmfvngfqmrbzayusphp.jpg,3.98E-09
griokgoxjwgbtlffxnqnoefynizroa.jpg,0.001881858
gsphpflowsxvbzmqoehtwimxigmexc.jpg,0.954005778
gtydqhzuwwcebasjexbrajitsqhnfh.jpg,0.000138408
gvykagbusbpbuzcvkftzaatczcevwk.png,0.996095002
gvzjodvhueivloxnomfhmpmcdbzvap.jpeg,0.999938786
gzmiyxrvuprhvkmnckztiadtirmwrj.jpg,0.999945045
haghwzucuaiwbeuerzxnrnflkytyqu.jpg,0.031142816
hddqpruzeyfpuemmkrvajzewjauqbg.jpg,0.959793448
hdftlvovpcycpipsqjnfxbzuvmlnlm.jpg,0.08037255
hdmcngrvtgikfstjgrgqfotraeffgg.jpg,0.17925036
hepwugnfdvxafszdjsdmscpcvejipp.jpg,0.006087767
hhirnwzcfyhnrwbfjmhioqyosjouxm.jpg,0.000318183
hirjzqktwfoauvblgqocpnrhksqdih.jpg,0.070200115
hkftgcijkghprpxyuknyfimzjlzpde.jpg,0.010137961
hnmbjysdtuiasvlabvnataindypuzu.jpg,0.315242469
hqxkkaletsjpqenfgprderxwvvdtwx.jpg,0.944228768
hsyezwcpciffcupbkadwtcqpxhlofh.jpg,0.001910456
iczzwmswptqjkzgbczxmgewfkfbfbn.jpg,0.834148049
idardcfquyazdghrsrbiyujmguzxnr.jpg,0.004064965
idnwoyvjflsoiwvbcleokhdfgdwqng.jpg,0.616204858
ifhrlfbitalzvqnfwqnuudutpbfpdq.jpg,0.988524854
igulitrigxyyzhhiduazzrwydlqrcv.jpg,3.45E-05
ijmzxmoihywxoariplmfexcmexsibs.jpg,0.01454194
iluwkwmnrgiouhirnkfdmhnczfxivc.jpg,0.01328104
ilyczntkhdwwqxgayvmewwrvonzokc.jpg,0.987596989
imkumwldsvcwkjbhwglebnqtgjuaqy.jpg,0.996992052
imzjoogcbcvsgkbekgsxdfhxdlodgb.jpg,0.015741743
inilzqtajpxhdbqrrrmvnhrzmevhkv.jpg,0.997008562
ioafahyushqhdpfinjvuormfkchmjf.jpg,0.27489236
ioedeamftahwmovcpgigwnypdhykwz.jpg,9.46E-06
iosikwfhnhmqdvuymkrdeatakkdryd.jpg,0.891690969
iqpspkpytnrfnnxpbdgulrpmdssxvv.jpg,0.003441152
itsfoylidpuiehheyisjrssydwpkjs.jpg,0.830543637
itxiomwebnkfodztausaduxyrhgfrv.jpg,1
iurkzngzsfejzqwpvcogoamriplacq.jpg,0.990128517
iuzfasnekvmbbmtqetpnmrxcyopfie.jpg,0.014392736
ivhqllncotctfxttkqqvwamkdeokih.jpg,0.999999821
iwgumsxpuxzcolrrnfwkqidfknzjic.jpg,0.012658243
iwrrnosiwxykcwfnzdnephwjeynjvr.jpg,0.977320611
ixbtflbbatnitjiveitztqwnjfvidt.jpg,0.995922267
ixnarcfjcjzduyghjrmbpsezuhxdeb.png,0.99795872
iyyhdzhpafxpjyvrqstdlsvnhqntqw.jpg,0.999733388
jaypieocqkwftzmbzsgrkttchyhpaa.jpg,0.974508166
jbmhymhbpiobylwbugudyfpnkmisbc.jpg,0.998140633
jcqewjmnixvdytkvwuvgywcblhvotx.jpg,0.933845997
jdiamrvlvhyxhouxlkjrdcfoqbtzlf.jpg,0.983567297
jdmorbhddqxvqofbotgldacezkmyjt.jpg,0.00266732
jdtkbagujtkdseprtglztarncdxzqt.jpg,0.592708707
jelzmmcmozeaeiswvdkwcltfccanwg.jpg,0.999999881
jgvemmdihzkjgodvehrlpacstjwnbv.jpg,0.999979198
jgwawiynmntnlhhwckjlqtijvnkjff.jpg,0.746773601
jhhjxctcsxlujwhoprnevvfprddnjs.jpg,0.075533055
jhvehfryklsushrvqiyjrxtybsyxjs.jpg,0.031594519
jhwecyoxnwdqysddxcjogbvlhjxrfm.jpg,0.000336874
jiorwmlthejgwwbnshbuevjaunqbku.jpg,0.238589406
jiuvimokosuqcqgxsjrpepfrxnudvl.jpg,0.999990344
jjqgfnkunxqxwlrjxgakwcukfoavym.jpg,0.999756098
jkutvlbzwibdltuythhqtweqazglok.jpg,0.0127578
jnsjofyggzkakdsxxmptabbiksbuty.jpg,0.999997675
jnzcxqykfzbkbbgyscanfvxeqyruzh.jpg,0.000439124
jqgkxlfpzrktkyilfyuhhdyfsycanf.jpg,8.05E-05
jqueszoqlgzwqzksmzanznuieydnyy.jpg,0.984804153
jsrbntbtdheogzmdzhatavcmmarvgl.jpg,7.42E-06
jvcaprbropasegknsisprgwgitcrpi.jpg,0.999751747
jvpejwtddpkhiqhcikzoaojczgdwfz.jpg,0.498867035
jwdjkvvfvggphwhqatmbkjjlzdienf.jpg,0.003951096
jxtfudtgjrjafphvpcpyzvbjzkedlt.jpg,0.992004454
kajnfbinymxwelbpykfzurocazkajm.jpg,0.075125337
kcnlgwxftlpioadzfmayiitkbnkpfq.jpg,0.000882161
kduwskepxdwxdgfzkgnfnformtkgzg.jpg,0.979223907
kebxzepgnybcvtvjqohjaclvvsqjgo.jpg,0.010544509
kfkptevnxrhoofzewofglxzxgvkdcg.jpg,0.002090259
khvoycguuitlcpjxdflbkdgyzaoexh.jpg,0.130451217
kigglxwgyxssmujauixjszahnjctrd.jpg,0.001003289
kjdbifjcnzclwxadgtmgafbcylljhm.jpg,0.032773335
kkgjefxvtjfypjsjgyhshrutwhgdml.jpg,0.999532878
klkerkiflmmwcuzjqqkvhbrazosuzb.jpg,0.999934018
kmxjicdqvpfpvrhqukkpumdscvgnob.jpg,0.000692272
krnwchletlzkiqqzgvdfhwgcweukol.jpg,0.10912367
ktfusajinfwbuflriajdptixqssvun.jpg,0.125445053
ktmunasppplitpubmrdjbiqyuaibnd.jpg,0.999528944
kugkqjdlyxywogtbietnbvcmpjllwx.jpg,0.077155247
kujdzaccxtihhcwwvsnuublztrnzie.jpg,0.003881306
kvyzgviirzidxoawqeshlagmfmaqha.jpg,0.994597435
kwufgmdpyknfvezeytoywortrtkcha.jpg,0.481121242
kxcrhxbyxvhqnwqwqoqmaafwikuegm.jpg,0.999989152
laaqrylcpzmanpcdilwteiuhetchzt.jpg,0.985002816
lazlpqdyqxvdtgtfuwkcplrmtcoeoq.jpg,0.164333969
lbvuqszvcwajhzclogpiprfgxiswpr.jpg,0.609092832
lckpbjorlzqrhcccowfsaltairdvtd.png,0.979366541
lctzakuojllwuturyhbsoyexhyrhfb.jpg,0.006161287
leibivudzejijilbzmjwyqcgnolcbb.jpg,1
lhiwujhlwspbbgqydwewaioirumkri.jpg,0.999508917
lhrglduisvdlcgjiofvkkhvdcuaenj.jpg,0.484940708
lihqabxpdhfuuctwreixqcwwmjdvkg.jpg,0.810635388
lkzjcblzskcxgdzssgiasoddrrtouf.jpg,0.025531065
llecnksnwfhbpbcjzzijseaoxblcbo.jpg,0.530300379
lmdcsyqhjxxvdfzakuhxxmcrwmqkjj.jpg,0.86825788
lmrbtgixyoyrpexyiydyqjsexswuxr.jpg,0.999988735
lnulwsjdqnzkuyyaffwimadgavuwan.jpg,0.592533231
louklilbbrpqodurfzvvejxglgocwi.jpg,0.083720036
loyubqchniltkypeilmzrmwjnvjeiq.jpg,0.99999994
lpozqsannlntslamuxvcfpbjttiihl.jpg,0.05174233
lpxbhrpimmbsyeufegmxiuobcblwen.jpg,0.999997497
lqfnxaohuxlvexjgebyyoyvcpvfzte.jpg,0.994496882
lsdynvygkfyqehlpwbqammadxmsctv.jpg,0.063457005
ltuibmgnhtgsfugypuufvwrqprxtfk.jpg,0.982933104
lucoklnkqcjyrxyvbgnarqspgcwrku.jpg,0.117324948
lwhltrzhopzxcxkmjnepvkfkuocyyf.jpg,0.99971801
lxxlzvrdieuyvfkeshxuisxgormmyq.png,0.915465713
lyousdaviagybwamxfwdjpjfevopkf.jpeg,0.995986879
lzjxvwtdrrtwjceqgmucfpngihgdxm.jpg,5.54E-09
lzvnzvftxmsgfnxqriwbranxlyjumy.jpg,0.790311277
mawbecdfltccgqymuosaxqmntvllvm.jpg,0.019098615
mbekjxyxdchvessngkvjexxfyqdrvv.jpg,0.987262607
mdwgptlsdcgkglflwsqseheibugref.jpg,0.901625097
meqeaivcxrtyjjlaaysnjeytrmpqmg.jpg,0.999651432
mfkvaqtdkxcsozmtzpeavslszhkbvv.jpg,4.92E-06
mhkqlunhxjqrrnpjvwfklbzvwtrhch.jpg,0.99829787
micftikbkvjlfcuknzwfbjpjdhioxe.jpeg,0.002036832
mlkbwnogazpkcxpcdaluzexzhvbsbr.jpg,0.936532497
mragkclknhcnqosdkuvchpjdrjofso.jpg,0.656338215
mrytehdxapzyymznjhvbvkhutalisi.jpg,0.999746978
mryzptvsvgrisoimspvdugeepobqkk.jpg,0.00835342
mthrpqxgvwfdlksknvymngogpppnhp.jpg,0.104351372
mtjmylupexliggdaqvuamtttjbizro.jpg,0.016598789
mtkmqoxjnmplockjwdilejfsrxcbvy.jpg,0.998560548
mtqtvazpnlsfwlreocalqffwosonni.jpg,0.850743413
myruvkfrzwvlkxajpvfhdulbdsqucc.jpg,0.004876179
mzaawjyklcynlmsxhziexrqskewnsl.jpg,0.286678076
mzvlhczvlelzrkrgyelzjcjtcssgpq.jpg,0.999975801
mzwwwdleaormcvlqonydhzypbhqehq.jpg,0.86105454
naxcngaxukhslcyoodkgkegydlzjnu.jpg,0.999993622
nbpkndryqyojnydlzlnfibqdhnsjzo.jpg,0.997266173
nfxhlppokdjomdwvjweudtpurlmwnx.jpg,0.323275477
nhbvrxtecdhhvyyzdjumuhxwfgsnqf.jpg,0.017705008
nkexoipjsbhmytzjsnvxpkqhdtqidv.jpg,0.62073648
nlhevzkzseaudpnhbawmmufkxnqyni.jpg,0.96968627
nlmpasjsptsygvnkicmsroqwepliof.jpg,0.00203279
nmorsdnxcjanqzfyfjrxbvumnyihft.jpg,0.989419758
nncgaofbnlhkcvnvhajmgrxpomzzba.jpg,0.947057486
nnlxnagizcelrbzdeqpxyonlfardpk.jpg,0.999959826
noesixortoazgbkeukqoveyibvaxrc.jpg,0.999999225
nqhxoimohubxlnbgxulnralrtxyfwo.jpg,0.909335852
nrlywwygzrswfdbhjvdtakksrsvjgk.jpg,0.011409779
nrxwgfqqltfxrotfkykgknzommtzdd.jpg,0.999925554
nujqgvjxtkvnopkfyzciaziyjndntp.jpg,0.991113961
nwikmsqexytmdgyumqrfomreztdxxz.jpg,0.478438348
nxigjkucblcrgqfmwcwritnrmcjsgz.jpg,0.001239706
nxkricypqzyjopipbggbupjyjlyhtj.jpg,0.997349799
nyqzmqlebpyheacmxpeacxszlgxagk.jpg,0.012046632
nzhtmzjahmnlycpchimibdygcdkcnz.jpg,0.864215076
nzpfwndzpzskokcaqmsxlqjgdyrmhe.jpg,0.007694701
ogclzsfhvbloezgkivpedxaldtahzl.jpg,0.999994993
ohiszivnnrkglfcpkvgqobmozjgrwa.jpg,0.088167496
olvntotfzczjpihgsmsrdshaphevzh.jpg,0.998828709
omdjxmhixkgnqsvczwkplpjivyvdbo.jpg,0.882323265
omgrzbdrlptmmwpudagcrctzvznrap.png,0.942881167
oojheezdsmrbzaxtpeapauytvovivl.jpg,0.06891147
opdeeeogjakgkmhchcmfcfggxpcszz.jpg,0.983709216
ornhixchukzqnrcisoodqytmeeqplp.jpg,0.019687373
orsoixyrasfxlkqzngwfasbadeydlh.jpg,0.005949693
orzwzwgaccsbeglnbxsitvpxcivdcm.jpg,0.996583402
osirultbdzsgmknbqrucggtqnfoljs.jpg,0.234546423
ovasoplwfuqqevywvgggocgxixnktp.jpg,0.001203871
ovyapwxepknnprboziljwxeskjuiim.jpg,0.96644491
owffonqaueruqlyakqnwwekvjaougd.jpg,0.016570823
oxtgwjovwkjybnyejaezfzqerhvpqj.jpg,0.99999994
padarkkzjbruayvwslkssxmumkrjsz.jpg,0.99999994
pbndybjpdykkiinslkpnepifijnsvd.jpg,0.001896629
pcoalfrhngfbattlzqaljgpzrmdiby.jpg,0.978361964
pdcxycqzkznkqntnqsmobdhagkfazw.jpg,0.695179224
pdpxzumgibtauzdnqjxumygocmkunl.jpg,0.030288715
pdsjckkmbslkzreqwygyjkeyehtuwy.jpg,0.999974072
pektafvzybcgssvemzxjypfzsriqxx.jpg,0.913817406
pfruckaftscryoyslnzsaqjlrntcdh.jpg,9.49E-05
phbrlkorxtxgllwntzlgujplyffcdm.jpg,0.998697877
phpzhjjsvyqxouxeeaethnilycqdoz.jpg,0.999986887
piswtqhtpepgcmilxfeiegdqpofqig.jpg,0.999954581
pixwzsjkuqmcdyobcgumwetegmnyfu.jpg,0.983515024
pjtremwjwtxaqyzmyuhqrkszorrons.jpg,0.056502413
plcaliiefkehjeqojgsaiztfbluwbx.jpg,0.848519444
plhsciipiahwdvplstefomscgwxnje.jpg,0.004123091
plvzvjasjncvrchqwqdwhuzotiofek.png,0.99999994
plyaiuqsdfyiowewiorerysaomwoum.jpg,0.121329866
pmlzympeefriiyldejvguoilrtbczx.jpg,0.992619991
pneabcoxhrbfqowczgsexzharlezae.jpg,0.177443728
pomnzkamhxjwtrgalmkbcevrqlijft.jpg,0.054364529
powtvfvfexvzhhubxcczdvqmuwgtil.jpg,0.999997377
ppgimbjhcwxshiqofuziffffgvnnbt.jpg,0.999781191
puffqlvmnlfcwcplpgbrgkuhgkejnl.jpg,0.066099703
pwynnfibfpdkeeuzxjljusaieterpf.jpg,0.05905718
pxktxhdsuefrpwxtugwuvttfgmqvyz.jpg,0.008514374
pydsgdgzcvormzgjxmsqxgizigmnqq.jpg,0.031918693
qaifzcezpnxsemsninrdanxnrecgxc.jpg,0.999994993
qasruetvxhqscyidfqsbztqteakyss.jpg,0.498246282
qcjrbqnfsvdmyjwegjlhzzzwzfdbgz.jpg,1
qcwfppwrwajqvcjtzgadczsmjjglpa.jpg,0.000871188
qddqjbxtpsdrvjjdkzkycjbbrgpekf.jpg,0.982234478
qgseasopsvkydhuvnlfmzqbgjydsys.jpg,0.003195481
qipkjvcthoccixqxbsdcqgjtzmqvcq.jpg,0.99947232
qiqrvyhllvochhswibdzbsxcuyfcif.jpg,0.96668911
qjkcqczswvymlnybfyqxppcwciayzz.jpg,0.717128515
qlbqjvzglvxhtbjyjrfunwrurqrxox.jpg,0.999928236
qlbtwvbhuhkdoyzgfkmcfqwqjujjwh.jpg,0.3153615
qnpphzfhyjxoutunxsukftvlauzuug.jpg,0.052116662
qqakhuzdxoctiscdztnrzrffzgdvux.jpg,0.999338627
qsgsfxhekupbygbbjmhmgmheylbals.jpg,0.999317884
qskzbotijtjaphichunoesuwbybguk.png,0.999999285
qstbmncsmqsiwmnzgipyutolniuxjd.jpg,0.000498327
qsxfaihdktxryqxchmdrhweaubkomf.jpg,0.999985695
qubxzzlnsdvcesxfodgkfhnckwewmm.jpg,0.737611532
qvnxjxzghixyyysszioajgjiexgwzh.jpg,0.688194156
qwqvucqqtmtobwedwslipeohnrkuwr.jpg,0.992612362
qwylrrncmfibtlszybqsofemgweggl.jpg,0.995920897
qwztxkkzraedpivehqtrdcfdcrrsse.png,0.00108652
raoltfuznhttwcfpscjepcqakdkmey.jpg,0.999960303
rbztrgnugpkdoaxagndgdjbijoqele.jpg,0.624696255
rccyeivmdwnblrlijjuyvzyxslwuhh.jpg,0.777848125
rdwfgwuicmbzlnqhtyhfemjzmpyrjm.jpg,0.872818589
rfbvqxxqlifrbwhfyopkxalfmvyhfy.jpg,0.999950111
rjcsevtxucgtrcxvvsblkrakusacxq.jpg,0.000468892
rjidoxfzbxyeffhrkzguqdqksvwtpa.jpg,0.987576187
rjsayiylvpblfpjzyxwnejcevzncpm.jpg,0.99988091
rkpymadccynfoyvmiftgekkfbbbhdi.png,0.999943614
rqxlpeljjhhifqnlrywertwvzywynb.jpg,0.018334072
rrrncyqvyxkyshtdtxrtzcmltgpugh.jpg,0.999999166
rtnaqoagadatjgbczdaehqawjeuxiq.jpg,0.931259155
rwlnkupbstmcbxurjkntrubebavmjd.jpg,0.999999285
rwrhwxbhdpdvlaxkattftklqiorcpo.jpg,0.910278738
saqwjlvhyizasymcqwuumkayyalabr.jpg,0.999328136
saxrcfliklfijsofesenfhbpipucza.jpg,0.985901415
sbjiktnxorfqchvhvtresgziklndbw.jpg,0.999225974
sceudskpqcmpiutrvrjvwzrlyhusve.jpg,0.999441564
sdfklgwygtjlxmwtbggmobikmuuzaw.jpg,0.999799848
sfpwptgynidjmylpqeukgkhzqcitgm.jpg,0.999988258
shtuvrpsdcmoaooaeitmnpuckoaraa.jpg,0.999999523
sipovcjjclpnpgtcypjziplmmnzblp.jpg,0.998836339
siqobtmqebviudcxtjszqquivmzvil.jpg,0.063342795
smanxydzpnqbtgyhnkbkqslunnvvyg.jpg,0.999991477
smoiczjaouyiefhoizeyarkxzwutbe.png,0.63763082
smudegzshenddkbjyxihvwjdrensex.jpeg,0.241605908
smwljmgvodmaektpwpvsjbgbemexkz.jpg,0.589616299
snqqviwsotitwwrblhtiabhvphphqw.jpg,0.994843006
snylansyoagwhxkcenskjanfkgpigr.jpg,0.401602089
sseuokumxzgersmrlhofzkzgrkozkq.png,0.383587122
ssidykbqfofxaqtorcftxaxtusuyvc.jpg,0.818625331
sslssipaijavmhtvbrixtbgwwnlshu.jpg,0.899808228
suvnfydgvqcgdaxlsazlxgubymvfhj.jpg,0.978070378
svegbhuohnflowxkhjvkrifgmxextf.jpg,0.99965924
syjhwwdrvsqvhmkdfyfmggthjmkvzd.jpg,0.527198434
szycncebucycdqljwiolfshxndzpcm.jpg,0.077924713
tbjzvqedthirsztsnsjkfrdgroofmt.jpg,0.039759431
tewzkpvegeenvrdteiupwxlvyjyffy.jpg,0.549612403
thxqsrejgecdethcqecanudtfofcrh.jpg,0.990513623
tihnjhjilrcolmyupysvxjvqbqhvzr.jpg,0.000401559
tkekamvpuqgwyxgekdpmbvarytgffk.jpg,0.886353314
tkudaszaqtrzmyypabwhwanaqqdgsn.jpg,0.313074052
tldspzpkenscsjyokedqawzuqdbjfh.jpg,0.999008
tlqprwlybfxysvhrnfgnplgbqgsswu.jpg,0.007470416
tmthqtrdrzwgadmsftvwpwlssemeic.jpg,0.000178544
tnptubiwafwpnymkaaudzcjibkzfgp.jpg,0.192524567
tnvtseaxgaeuxslabsyczpucoervej.jpg,0.805298209
tosutnsfkotuhlqcxkyartdjribecy.jpg,0.391488224
tqpfjhcqdnetwghsusmzymjepbdnds.jpg,0.007868737
tqtohrbvnjhvqqpkcpqxihkomlzddz.jpg,0.000106558
trvmaugxfpnagutconbyismxjoizzi.jpg,0.133169666
twuombcbchukiltgyoxxovvpqidulj.jpg,0.996547103
txjtghyvfckkbeihbmqcamrwmhfwfr.jpg,0.99998039
tzwrmkyyhlxjrbedtztknvlrgdmnfq.jpg,0.000289599
uapjecavqzibecgdvrlwiabgymtvdt.jpg,0.842950106
ueexuzrrjzajyeojqfmglknvpzgzad.jpg,0.96189177
uemcqcfhactlnpdguyeqawxiarukdn.jpg,0.519942164
uemcyhtssgjcecjovuzrmvkxqwmldt.jpg,0.001386027
ufhysrqbbzlrqymeekhvxkoqeyxbyo.jpg,0.001614614
ufjcnzoabfdevufathmxztkvmlfgmd.jpg,0.398388237
ujdigrxiqfjtzrjgfwpvtjsxtviztq.jpg,0.965761721
umgwufightqsnhtjyfochvdnrcsccb.jpg,0.145264566
unkvelhemzsndcplwwcplvzhztcllz.jpg,0.025015451
unwndegdcmlinkjsprkshhnpomqvwd.jpg,0.001540399
uoqujcamsyjwlwoztrnvutbgrhdtkx.jpg,0.269185752
uqpvmjbjlwceqgltplhvdxyinayphz.jpg,0.997402251
urdgcrihebtothfemyxubtwpinualu.jpg,0.999961376
urfpnxaaxslypipkziqixilgvtitse.jpg,0.036260307
usdqhnysmqfjitrxqnfxkureaphlsa.jpg,0.0445535
utjaezxnmbadaiqjqgkmdmfdzqozqr.jpg,0.015276228
utqrcmliuqbblbxeacpcofcsxvhzgz.jpeg,0.014015468
uuapkpltdjmnmxgttzdtgoewvtdmkf.jpg,2.80E-05
uvxtmvpwvucdhkyfjuqzrnxxgecptf.jpg,0.99979198
uxxhcjkukexpxutwqbvdjpgurqmwli.jpg,0.064064309
uyoqejdoxyisbuqsbwjwaecqutvtwg.jpg,0.825325847
uzfesehhvhqxuziizqgipuqbvjkarm.jpg,0.999941349
vdntoytydbayclzrqpfguwpzhplhvj.jpg,0.99971813
versewmzeguanbftslpjlyrupgqobt.jpg,0.999984801
vhwotvbcqepkhmhuhqvbdvahsixptb.jpg,0.034186944
vivqwqshafxumvxojbcouebhpjitvw.jpg,0.006652396
vlpwwjhopipwypxltcstohkkjgudbv.jpg,0.32766977
vluqtgdfiywtuveucboijzbanifapn.jpg,0.999537528
vlxbaplwagipvtfkcjbzapysqmffld.jpg,0.999998033
volxwqaiygijoxnemgujucdvaxcmla.jpg,0.002691574
vvbpnstpnzspemzfccnfftwnsyfosx.jpg,0.00012366
vwnowxqsikzzgaupttmtfffkbprphp.jpg,0.267338842
vwqrhobzdutxipuwgssuzjbhxumbod.jpg,0.999879837
vzqbztrjuoyuzfygogzutjfvnppmpi.jpg,0.998664379
vzygdcxwtgrkwsimilpsbttbchwjey.jpg,0.668944359
wbbujdiznmyiiqjwpjymtypyswyumo.jpg,0.987487137
wbctqgrcgqwhbywsikdklrtbmrplim.jpg,0.001236494
wbfrwkddjwawzxnikfrpffjxtowjhv.jpg,2.84E-06
wcjujbvemumhadmwcgkgwahqmrhoif.jpg,5.31E-06
wcnsyehazqxgakcdbtyehtkwoiwppj.jpg,0.327795178
wcydlpgrwjmptowavcltpotjbgvxhb.jpg,0.00089372
wdlioyaloeejrcvmjpixqoczoesuns.jpg,0.973207712
weipwizxckxeagywuilohlxktcrypk.jpg,0.999928236
weubnhdcwsklnxmbaoetvbzfistxwg.jpg,0.99999851
wflunumlnfgrpwisuymmudqnjobspo.jpg,0.99845773
wgkzydvcyrnzspiukwtrbmwptujyoo.jpg,0.000398678
wiovvusmzmxindaealykgesxwwleql.jpg,0.205711022
wischoicbrogjyfnhdycphsaneiuwm.jpg,0.022968659
wkvfouqvychfqwsmjnhkraowobkxgy.jpg,0.006939348
wleebloflbfqkneclgoekidfidccim.jpg,0.014322308
wljliaaphisemiemsxielexjlkirlv.jpg,0.374117881
wnwkpbivybsvhesdkadymsqmqopfuy.jpg,0.999999881
woazdfgnjkbxcskuamebaxedxhpszi.jpg,0.5702672
woobvdyoeohahdgjtajoywfsxmtijg.jpg,0.968190074
wooltgxaythwvbtdoruodwvmvbrpfg.jpg,0.000761773
woulzzpagnqwxegofpdnsxbytvjdki.jpg,0.117823221
wpiddqgustjsgnzcdoykwhecjmfsbo.jpg,1.90E-07
wpsmdmlakitjsnypxeecpajkecrgqw.jpg,0.000226649
wpujnxoeirxcyjiiezydfkaxksrdwg.jpg,0.995379329
wqzkxqasodsnxcugavcqsuqmdwqfoa.png,0.99729526
wrtiyoywiyiawtrnbizxykeqjoesmb.jpg,0.999981046
wtcbodbqepiirrtgpzclqipkojxodr.jpg,0.655087352
wwgnzvefvkhqgcvgzvucdwslmhqdfl.jpg,0.213388756
wwibybtbnrvydizirztvgsbuulpouw.jpg,0.997144461
wzdhiyzvbjlpatadxltwukvizlkpfi.jpg,0.001827605
xaufwjptvdpofxbuefzpcbjdgurmov.jpg,0.999973059
xbuuveyzfnrozevdlhayiqncadyiof.jpg,0.075123116
xemgrytlfzpwpxlpoyklejnqclztru.jpg,0.987504721
xfnuyuiibfvnhcxneinujhzmxyffdn.jpg,0.999939561
xgfrghdwyumnzdvxsuzlehyruvkita.png,0.994807422
xjngjjhzpyhxmstueplojbqreasnes.jpg,0.999968171
xkdueyinwrnlyioamfbqqymynyyjow.jpg,0.007846016
xklxzfuxkxgykpuhuzzaldbdjhcydx.jpg,0.885301352
xkoqrazzrpistsmscyvjarmiuwljsd.jpg,1
xnyhtjljydambkxbueqmgixbainqrw.jpg,0.73081398
xpivtvyweotwypnjfaenuhouijtwrj.jpg,0.000701426
xqhpwicnsoejqslgrlwvntqhqdrjjt.jpg,0.164804488
xurcoxcuznkvnyjhrqrtjfnrqqtlby.jpg,0.631723225
xxirvsjxpsdmicscgrmpcczbnrtoek.jpg,0.766436219
xxpzhbftdvltokjuzrdiuksfeynqlu.jpg,0.999990106
xykoojgoemrcfmvdobwvlurbpoikpq.jpg,0.000135553
xynfggwypiqaesxayyvjlqfmhsvnlo.jpg,0.031285476
xzcvpmdsnwcmeooidiemxzofsvqrvo.png,0.931521237
ycdmtgjjzxhgzblmjrujqpemeqksch.jpeg,0.997718573
yegdjxoapgowmbnvlrdryvaecnynya.jpg,0.998778701
yionojckwcmjxtjevsvpmjezycmilb.jpg,0.084636755
yjncarmoymzspzoiuivzecdjjxnitj.jpg,0.999996841
yklgcnlafkcgjozrkuzbebbsggluus.png,0.012677351
ykmaworjsfbglvakdrsbqhupjiqkhn.jpg,0.40377444
ykngxpgtimmeszcxyntqujxyslvkrz.jpg,0.999718845
yknhljrexjerzopcvabkfobfaznbce.jpg,0.005078414
ylqsaoehrinbdgkmyqobrytabqvqad.jpg,0.994790733
yncgdbcfbdpippiqjexosicvuxetik.jpg,0.999997079
yoljgngorsosxyvpmflodycbrzlojm.jpg,0.039072312
yqhsjijloqxbrfjzbqnasiqfqyvgjq.jpg,0.009112215
ytxadvbbcvbohxmbtvnyepjzdskwli.jpg,0.00171685
yurmkbqrwlidqgbgeeszgsuzzizhtv.jpg,0.000118102
yyvvnujfgpfcpcgwdyjfthnlycslkk.jpg,0.998678267
zdfiplzlfcwkyfucjdtkskjxjdeavq.jpg,0.554522157
zesbxhcglwjpplcmsfntcpummkbhfz.jpg,0.138161018
zgigmyufwdfgxuspzppusdfstysjfs.jpg,0.178507805
zhkdanqqseexvicplcyekiwjqqlhhz.jpg,0.005490745
ziseknqemrbhawedjdyxevolrwumkq.jpg,2.77E-05
zjcrlegcioljqhlaowlaklxwojfpil.jpg,0.999999523
zjlngjlzjwonpqhiiztranntupvtom.jpg,0.289993644
zkmcdlytdocncvgmigqhklfvjqwrni.jpg,0.005128958
zkpcokomrmpbncplmxcklnvgaabmoq.jpg,0.510805488
zndfvhigsuchffrepbzdwrlhgncmtd.jpg,0.999933124
zneawovpezfvxphxdlzgpjhllyxuss.jpg,0.874166787
zodcoeblnsvtuoftjlpquidfhnbtwc.jpg,0.000764753
zojvaryviuzftjfkmeazlzekvpdxri.jpg,0.100872539
zpfhbgixcctxylnihhrepjgcmjksvf.jpg,0.000671512
zuignwckjykxefmpubjpjefvhghaoi.jpg,1
zuxvwdblfwjpibjexgfglpyreqslhs.jpg,0.988385022
zvyajojutzgqumdjfxxkpiuuxeefyy.jpg,0.748075247
zynasgxnxnzqaallnvkthegctommtu.jpg,0.075971238
